term,value
http://purl.obolibrary.org/obo/ZP_0156013,"http://purl.obolibrary.org/obo/CHEBI_44236 whole organism increased amount, abnormal"
http://purl.obolibrary.org/obo/ZP_0154623,"http://purl.obolibrary.org/obo/CHEBI_134575 whole organism increased amount, abnormal"
http://purl.obolibrary.org/obo/ZP_0154626,"http://purl.obolibrary.org/obo/CHEBI_137830 whole organism decreased amount, abnormal"
http://purl.obolibrary.org/obo/ZP_0156011,"http://purl.obolibrary.org/obo/CHEBI_134125 whole organism normal amount, abnormal"
http://purl.obolibrary.org/obo/ZP_0137765,"http://purl.obolibrary.org/obo/CARO_0000010 hepatocyte amorphous, abnormal"
http://purl.obolibrary.org/obo/ZP_0151082,"http://purl.obolibrary.org/obo/CHEBI_166893 male organism increased amount, abnormal"
http://purl.obolibrary.org/obo/ZP_0154554,"http://purl.obolibrary.org/obo/CHEBI_46477 telencephalon decreased amount, abnormal"
http://purl.obolibrary.org/obo/ZP_0154978,"http://purl.obolibrary.org/obo/CHEBI_8828 brain increased distribution, abnormal"
http://purl.obolibrary.org/obo/ZP_0154628,"http://purl.obolibrary.org/obo/CHEBI_166913 whole organism increased amount, abnormal"
http://purl.obolibrary.org/obo/ZP_0154977,"http://purl.obolibrary.org/obo/CHEBI_8828 brain increased amount, abnormal"
http://purl.obolibrary.org/obo/ZP_0155080,"http://purl.obolibrary.org/obo/CHEBI_89951 whole organism increased amount, abnormal"
http://purl.obolibrary.org/obo/ZP_0156010,"http://purl.obolibrary.org/obo/CHEBI_134125 whole organism increased amount, abnormal"
http://purl.obolibrary.org/obo/ZP_0154619,"http://purl.obolibrary.org/obo/CHEBI_132603 whole organism increased amount, abnormal"
http://purl.obolibrary.org/obo/ZP_0152322,"http://purl.obolibrary.org/obo/CHEBI_136167 brain decreased amount, abnormal"
http://purl.obolibrary.org/obo/ZP_0155576,"http://purl.obolibrary.org/obo/CHEBI_140951 whole organism increased amount, abnormal"
http://purl.obolibrary.org/obo/ZP_0016006,"http://purl.obolibrary.org/obo/CARO_0000010 somite morphology, abnormal"
http://purl.obolibrary.org/obo/ZP_0151307,"http://purl.obolibrary.org/obo/CHEBI_142860 whole organism increased amount, abnormal"
http://purl.obolibrary.org/obo/ZP_0150825,"http://purl.obolibrary.org/obo/CHEBI_140940 whole organism increased amount, abnormal"
http://purl.obolibrary.org/obo/ZP_0154652,"http://purl.obolibrary.org/obo/CHEBI_67060 whole organism decreased amount, abnormal"
http://purl.obolibrary.org/obo/ZP_0152318,"http://purl.obolibrary.org/obo/CHEBI_77462 brain increased amount, abnormal"
http://purl.obolibrary.org/obo/ZP_0152323,"http://purl.obolibrary.org/obo/CHEBI_167260 brain decreased amount, abnormal"
http://purl.obolibrary.org/obo/ZP_0154622,"http://purl.obolibrary.org/obo/CHEBI_134494 whole organism decreased amount, abnormal"
http://purl.obolibrary.org/obo/ZP_0155316,"http://purl.obolibrary.org/obo/CHEBI_19227 whole organism increased amount, abnormal"
http://purl.obolibrary.org/obo/ZP_0154642,"http://purl.obolibrary.org/obo/CHEBI_55484 whole organism increased amount, abnormal"
http://purl.obolibrary.org/obo/ZP_0155539,"http://purl.obolibrary.org/obo/CHEBI_88526 whole organism increased amount, abnormal"
http://purl.obolibrary.org/obo/ZP_0155577,"http://purl.obolibrary.org/obo/CHEBI_144330 whole organism increased amount, abnormal"
http://purl.obolibrary.org/obo/ZP_0154656,"http://purl.obolibrary.org/obo/CHEBI_85767 whole organism decreased amount, abnormal"
http://purl.obolibrary.org/obo/ZP_0149965,"http://purl.obolibrary.org/obo/CHEBI_749277 whole organism increased amount, abnormal"
http://purl.obolibrary.org/obo/ZP_0154635,"http://purl.obolibrary.org/obo/CHEBI_177495 whole organism increased amount, abnormal"
http://purl.obolibrary.org/obo/ZP_0152956,"http://purl.obolibrary.org/obo/CHEBI_156252 spinal cord normal amount, abnormal"
http://purl.obolibrary.org/obo/ZP_0152955,"http://purl.obolibrary.org/obo/CHEBI_156251 spinal cord normal amount, abnormal"
http://purl.obolibrary.org/obo/ZP_0155318,"http://purl.obolibrary.org/obo/CHEBI_19229 whole organism increased amount, abnormal"
http://purl.obolibrary.org/obo/ZP_0154389,"http://purl.obolibrary.org/obo/CHEBI_83164 whole organism amount, abnormal"
http://purl.obolibrary.org/obo/ZP_0023004,"http://purl.obolibrary.org/obo/CARO_0000010 myotome spatial pattern, abnormal"
http://purl.obolibrary.org/obo/ZP_0151794,"http://purl.obolibrary.org/obo/CHEBI_89951 muscle normal amount, abnormal"
http://purl.obolibrary.org/obo/ZP_0152126,"http://purl.obolibrary.org/obo/CHEBI_64504 liver decreased amount, abnormal"
http://purl.obolibrary.org/obo/ZP_0154629,"http://purl.obolibrary.org/obo/CHEBI_166934 whole organism decreased amount, abnormal"
http://purl.obolibrary.org/obo/ZP_0154378,"http://purl.obolibrary.org/obo/CHEBI_83164 whole organism increased amount, abnormal"
http://purl.obolibrary.org/obo/ZP_0152483,"http://purl.obolibrary.org/obo/CHEBI_67090 whole organism increased amount, abnormal"
http://purl.obolibrary.org/obo/ZP_0154655,"http://purl.obolibrary.org/obo/CHEBI_83481 whole organism decreased amount, abnormal"
http://purl.obolibrary.org/obo/ZP_0155324,"http://purl.obolibrary.org/obo/CHEBI_19229 male organism increased amount, abnormal"
http://purl.obolibrary.org/obo/ZP_0155317,"http://purl.obolibrary.org/obo/CHEBI_19228 whole organism increased amount, abnormal"
http://purl.obolibrary.org/obo/ZP_0151404,"http://purl.obolibrary.org/obo/CHEBI_64552 whole organism increased amount, abnormal"
http://purl.obolibrary.org/obo/ZP_0150829,"http://purl.obolibrary.org/obo/CHEBI_140947 whole organism normal amount, abnormal"
http://purl.obolibrary.org/obo/ZP_0150490,"http://purl.obolibrary.org/obo/CHEBI_28216 whole organism normal amount, abnormal"
http://purl.obolibrary.org/obo/ZP_0154650,"http://purl.obolibrary.org/obo/CHEBI_66965 whole organism decreased amount, abnormal"
http://purl.obolibrary.org/obo/ZP_0152129,"http://purl.obolibrary.org/obo/CHEBI_72734 liver decreased amount, abnormal"
http://purl.obolibrary.org/obo/ZP_0155320,"http://purl.obolibrary.org/obo/CHEBI_69426 whole organism normal amount, abnormal"
http://purl.obolibrary.org/obo/ZP_0152325,"http://purl.obolibrary.org/obo/CHEBI_90470 brain decreased amount, abnormal"
http://purl.obolibrary.org/obo/ZP_0152125,"http://purl.obolibrary.org/obo/CHEBI_137863 liver decreased amount, abnormal"
http://purl.obolibrary.org/obo/ZP_0150826,"http://purl.obolibrary.org/obo/CHEBI_140940 whole organism decreased amount, abnormal"
http://purl.obolibrary.org/obo/ZP_0152312,"http://purl.obolibrary.org/obo/CHEBI_167265 brain increased amount, abnormal"
http://purl.obolibrary.org/obo/ZP_0152321,"http://purl.obolibrary.org/obo/CHEBI_136154 brain decreased amount, abnormal"
http://purl.obolibrary.org/obo/ZP_0155325,"http://purl.obolibrary.org/obo/CHEBI_68467 male organism increased amount, abnormal"
http://purl.obolibrary.org/obo/ZP_0154625,"http://purl.obolibrary.org/obo/CHEBI_137830 whole organism increased amount, abnormal"
http://purl.obolibrary.org/obo/ZP_0150489,"http://purl.obolibrary.org/obo/CHEBI_28216 whole organism increased amount, abnormal"
http://purl.obolibrary.org/obo/ZP_0152957,"http://purl.obolibrary.org/obo/CHEBI_156253 spinal cord normal amount, abnormal"
http://purl.obolibrary.org/obo/ZP_0155580,"http://purl.obolibrary.org/obo/CHEBI_84644 whole organism increased amount, abnormal"
http://purl.obolibrary.org/obo/ZP_0155319,"http://purl.obolibrary.org/obo/CHEBI_68467 whole organism increased amount, abnormal"
http://purl.obolibrary.org/obo/ZP_0149964,"http://purl.obolibrary.org/obo/CHEBI_65293 whole organism increased amount, abnormal"
http://purl.obolibrary.org/obo/ZP_0150450,"http://purl.obolibrary.org/obo/CHEBI_798 whole organism increased amount, abnormal"
http://purl.obolibrary.org/obo/ZP_0153384,"http://purl.obolibrary.org/obo/CHEBI_120617 whole organism increased amount, abnormal"
http://purl.obolibrary.org/obo/ZP_0150787,"http://purl.obolibrary.org/obo/CHEBI_61341 whole organism increased amount, abnormal"
http://purl.obolibrary.org/obo/ZP_0154618,"http://purl.obolibrary.org/obo/CHEBI_132579 whole organism decreased amount, abnormal"
http://purl.obolibrary.org/obo/ZP_0154645,"http://purl.obolibrary.org/obo/CHEBI_64549 whole organism decreased amount, abnormal"
http://purl.obolibrary.org/obo/ZP_0152319,"http://purl.obolibrary.org/obo/CHEBI_87255 brain increased amount, abnormal"
http://purl.obolibrary.org/obo/ZP_0156015,"http://purl.obolibrary.org/obo/CHEBI_44236 whole organism normal amount, abnormal"
http://purl.obolibrary.org/obo/ZP_0154637,"http://purl.obolibrary.org/obo/CHEBI_193016 whole organism increased amount, abnormal"
http://purl.obolibrary.org/obo/ZP_0154659,"http://purl.obolibrary.org/obo/CHEBI_90456 whole organism decreased amount, abnormal"
http://purl.obolibrary.org/obo/ZP_0154620,"http://purl.obolibrary.org/obo/CHEBI_133297 whole organism increased amount, abnormal"
http://purl.obolibrary.org/obo/ZP_0151405,"http://purl.obolibrary.org/obo/CHEBI_64552 whole organism decreased amount, abnormal"
http://purl.obolibrary.org/obo/ZP_0151531,"http://purl.obolibrary.org/obo/CHEBI_89633 whole organism decreased amount, abnormal"
http://purl.obolibrary.org/obo/ZP_0154643,"http://purl.obolibrary.org/obo/CHEBI_63327 whole organism increased amount, abnormal"
http://purl.obolibrary.org/obo/ZP_0154975,"http://purl.obolibrary.org/obo/CHEBI_8828 mid intestine increased amount, abnormal"
http://purl.obolibrary.org/obo/ZP_0155322,"http://purl.obolibrary.org/obo/CHEBI_19227 male organism increased amount, abnormal"
http://purl.obolibrary.org/obo/ZP_0155536,"http://purl.obolibrary.org/obo/CHEBI_16475 whole organism decreased amount, abnormal"
http://purl.obolibrary.org/obo/ZP_0150813,"http://purl.obolibrary.org/obo/CHEBI_51114 yolk increased amount, abnormal"
http://purl.obolibrary.org/obo/ZP_0154630,"http://purl.obolibrary.org/obo/CHEBI_167264 whole organism increased amount, abnormal"
http://purl.obolibrary.org/obo/ZP_0153184,"microglial cell decreased accumulation http://purl.obolibrary.org/obo/CHEBI_86370 microglial cell, abnormal"
http://purl.obolibrary.org/obo/ZP_0152130,"http://purl.obolibrary.org/obo/CHEBI_85767 liver decreased amount, abnormal"
http://purl.obolibrary.org/obo/ZP_0154646,"http://purl.obolibrary.org/obo/CHEBI_65294 whole organism increased amount, abnormal"
http://purl.obolibrary.org/obo/ZP_0149826,"http://purl.obolibrary.org/obo/CHEBI_26206 brain decreased amount, abnormal"
http://purl.obolibrary.org/obo/ZP_0155326,"http://purl.obolibrary.org/obo/CHEBI_69426 male organism normal amount, abnormal"
http://purl.obolibrary.org/obo/ZP_0155323,"http://purl.obolibrary.org/obo/CHEBI_19228 male organism increased amount, abnormal"
http://purl.obolibrary.org/obo/ZP_0155079,"http://purl.obolibrary.org/obo/CHEBI_89633 whole organism increased amount, abnormal"
http://purl.obolibrary.org/obo/ZP_0155579,"http://purl.obolibrary.org/obo/CHEBI_84634 whole organism increased amount, abnormal"
http://purl.obolibrary.org/obo/ZP_0151445,"http://purl.obolibrary.org/obo/CHEBI_89951 brain decreased amount, abnormal"
http://purl.obolibrary.org/obo/ZP_0154658,"http://purl.obolibrary.org/obo/CHEBI_88522 whole organism increased amount, abnormal"
http://purl.obolibrary.org/obo/ZP_0141352,"http://purl.obolibrary.org/obo/CARO_0000010 notochord straight, abnormal"
http://purl.obolibrary.org/obo/ZP_0151532,"http://purl.obolibrary.org/obo/CHEBI_89951 whole organism decreased amount, abnormal"
http://purl.obolibrary.org/obo/ZP_0150828,"http://purl.obolibrary.org/obo/CHEBI_140944 whole organism decreased amount, abnormal"
http://purl.obolibrary.org/obo/ZP_0151306,"http://purl.obolibrary.org/obo/CHEBI_131436 whole organism increased amount, abnormal"
http://purl.obolibrary.org/obo/ZP_0154649,"http://purl.obolibrary.org/obo/CHEBI_66864 whole organism decreased amount, abnormal"
http://purl.obolibrary.org/obo/ZP_0154624,"http://purl.obolibrary.org/obo/CHEBI_137618 whole organism decreased amount, abnormal"
http://purl.obolibrary.org/obo/ZP_0154614,"http://purl.obolibrary.org/obo/CHEBI_131440 whole organism decreased amount, abnormal"
http://purl.obolibrary.org/obo/ZP_0152311,"http://purl.obolibrary.org/obo/CHEBI_141598 brain increased amount, abnormal"
http://purl.obolibrary.org/obo/ZP_0153186,"microglial cell accumulation http://purl.obolibrary.org/obo/CHEBI_86370 microglial cell, abnormal"
http://purl.obolibrary.org/obo/ZP_0150281,"http://purl.obolibrary.org/obo/CHEBI_50732 whole organism decreased amount, abnormal"
http://purl.obolibrary.org/obo/ZP_0154648,"http://purl.obolibrary.org/obo/CHEBI_66863 whole organism decreased amount, abnormal"
http://purl.obolibrary.org/obo/ZP_0149961,"http://purl.obolibrary.org/obo/CHEBI_136151 whole organism increased amount, abnormal"
